{"cameraMode":{"drawMode":0,"name":"Shaded","section":"Shading Mode"},"sceneLighting":true,"audioPlay":false,"sceneViewState":{"showFog":false,"showMaterialUpdate":false,"showSkybox":false,"showFlares":false,"showImageEffects":false,"showParticleSystems":false},"in2DMode":false,"pivot":{"x":2.9411749839782717,"y":-1.09809148311615,"z":-20.535900115966798},"rotation":{"x":0.08330392092466355,"y":0.8121270537376404,"z":-0.11975055932998657,"w":0.5649513006210327},"size":67.99163055419922,"orthographic":false}